country,month,clean_share
Belgium,2017/1/1,13.105
Belgium,2017/2/1,16.458
Belgium,2017/3/1,19.698
Belgium,2017/4/1,20.033
Belgium,2017/5/1,20.948
Belgium,2017/6/1,19.86
Belgium,2017/7/1,17.157
Belgium,2017/8/1,15.79
Belgium,2017/9/1,16.746
Belgium,2017/10/1,20.599
Belgium,2017/11/1,17.481
Belgium,2017/12/1,18.516
Belgium,2018/1/1,20.776
Belgium,2018/2/1,19.224
Belgium,2018/3/1,19.086
Belgium,2018/4/1,22.967
Belgium,2018/5/1,23.6
Belgium,2018/6/1,25.209
Belgium,2018/7/1,23.198
Belgium,2018/8/1,23.719
Belgium,2018/9/1,25.581
Belgium,2018/10/1,23.317
Belgium,2018/11/1,23.089
Belgium,2018/12/1,26.017
Belgium,2019/1/1,18.903
Belgium,2019/2/1,20.178
Belgium,2019/3/1,23.889
Belgium,2019/4/1,18.99
Belgium,2019/5/1,18.27
Belgium,2019/6/1,22.796
Belgium,2019/7/1,18.281
Belgium,2019/8/1,19.104
Belgium,2019/9/1,19.095
Belgium,2019/10/1,20.137
Belgium,2019/11/1,18.737
Belgium,2019/12/1,22.779
Belgium,2020/1/1,23.525
Belgium,2020/2/1,29.573
Belgium,2020/3/1,29.334
Belgium,2020/4/1,27.605
Belgium,2020/5/1,28.08
Belgium,2020/6/1,26.304
Belgium,2020/7/1,23.996
Belgium,2020/8/1,25.203
Belgium,2020/9/1,23.723
Belgium,2020/10/1,28.748
Belgium,2020/11/1,23.671
Belgium,2020/12/1,23.883
Belgium,2021/1/1,20.522
Belgium,2021/2/1,23.393
Belgium,2021/3/1,22.67
Belgium,2021/4/1,23.043
Belgium,2021/5/1,26.307
Belgium,2021/6/1,20.62
Belgium,2021/7/1,24.012
Belgium,2021/8/1,24.921
Belgium,2021/9/1,22.782
Belgium,2021/10/1,27.3
Belgium,2021/11/1,18.748
Belgium,2021/12/1,21.301
Belgium,2022/1/1,18.537
Belgium,2022/2/1,31.248
Belgium,2022/3/1,24.03
Belgium,2022/4/1,28.964
Belgium,2022/5/1,25.856
Belgium,2022/6/1,27.218
Belgium,2022/7/1,26.818
Belgium,2022/8/1,22.635
Belgium,2022/9/1,21.803
Belgium,2022/10/1,25.196
Belgium,2022/11/1,28.056
Belgium,2022/12/1,21.953
Belgium,2023/1/1,27.973
Belgium,2023/2/1,25.133
Belgium,2023/3/1,31.66
Belgium,2023/4/1,33.191
Belgium,2023/5/1,36.242
Belgium,2023/6/1,33.886
Belgium,2023/7/1,35.215
Belgium,2023/8/1,30.966
Belgium,2023/9/1,32.353
Belgium,2023/10/1,36.166
Belgium,2023/11/1,35.019
Belgium,2023/12/1,35.328
Belgium,2024/1/1,30.956
Belgium,2024/2/1,34.792
Belgium,2024/3/1,35.263
Belgium,2024/4/1,43.953
Belgium,2024/5/1,33.134
Belgium,2024/6/1,36.208
Belgium,2024/7/1,35.208
Belgium,2024/8/1,37.617
Belgium,2024/9/1,39.561
Belgium,2024/10/1,33.389
Belgium,2024/11/1,26.881
Belgium,2024/12/1,32.32
Belgium,2025/1/1,25.578
Belgium,2025/2/1,28.211
Belgium,2025/3/1,32.009
Belgium,2025/4/1,42.773
Belgium,2025/5/1,48.372
Belgium,2025/6/1,49.654
Belgium,2025/7/1,44.527
Belgium,2025/8/1,44.534
Belgium,2025/9/1,48.904
Belgium,2025/10/1,40.664
Belgium,2025/11/1,38.386
Bulgaria,2017/1/1,10.99
Bulgaria,2017/2/1,9.83
Bulgaria,2017/3/1,13.272
Bulgaria,2017/4/1,15.723
Bulgaria,2017/5/1,18.623
Bulgaria,2017/6/1,20.961
Bulgaria,2017/7/1,16.724
Bulgaria,2017/8/1,14.856
Bulgaria,2017/9/1,12.433
Bulgaria,2017/10/1,13
Bulgaria,2017/11/1,8.61
Bulgaria,2017/12/1,11.144
Bulgaria,2018/1/1,10.604
Bulgaria,2018/2/1,14.805
Bulgaria,2018/3/1,19.117
Bulgaria,2018/4/1,26.262
Bulgaria,2018/5/1,27.774
Bulgaria,2018/6/1,16.942
Bulgaria,2018/7/1,20.864
Bulgaria,2018/8/1,19.41
Bulgaria,2018/9/1,17.63
Bulgaria,2018/10/1,15.128
Bulgaria,2018/11/1,12.124
Bulgaria,2018/12/1,13.369
Bulgaria,2019/1/1,13.253
Bulgaria,2019/2/1,17.367
Bulgaria,2019/3/1,16.399
Bulgaria,2019/4/1,15.901
Bulgaria,2019/5/1,25.271
Bulgaria,2019/6/1,27.109
Bulgaria,2019/7/1,18.406
Bulgaria,2019/8/1,18.352
Bulgaria,2019/9/1,14.887
Bulgaria,2019/10/1,14.615
Bulgaria,2019/11/1,13.314
Bulgaria,2019/12/1,14.359
Bulgaria,2020/1/1,13.363
Bulgaria,2020/2/1,12.17
Bulgaria,2020/3/1,17.86
Bulgaria,2020/4/1,26.692
Bulgaria,2020/5/1,29.113
Bulgaria,2020/6/1,22.741
Bulgaria,2020/7/1,21.314
Bulgaria,2020/8/1,19.413
Bulgaria,2020/9/1,20.639
Bulgaria,2020/10/1,19.782
Bulgaria,2020/11/1,16.957
Bulgaria,2020/12/1,16.504
Bulgaria,2021/1/1,22.973
Bulgaria,2021/2/1,24.627
Bulgaria,2021/3/1,24.399
Bulgaria,2021/4/1,27.881
Bulgaria,2021/5/1,32.644
Bulgaria,2021/6/1,29.625
Bulgaria,2021/7/1,22.381
Bulgaria,2021/8/1,18.823
Bulgaria,2021/9/1,17.425
Bulgaria,2021/10/1,20.328
Bulgaria,2021/11/1,15.907
Bulgaria,2021/12/1,20.252
Bulgaria,2022/1/1,19.324
Bulgaria,2022/2/1,17.583
Bulgaria,2022/3/1,19.761
Bulgaria,2022/4/1,22.874
Bulgaria,2022/5/1,24.665
Bulgaria,2022/6/1,22.159
Bulgaria,2022/7/1,20.623
Bulgaria,2022/8/1,20.205
Bulgaria,2022/9/1,19.317
Bulgaria,2022/10/1,23.125
Bulgaria,2022/11/1,15.945
Bulgaria,2022/12/1,15.88
Bulgaria,2023/1/1,17.059
Bulgaria,2023/2/1,19.702
Bulgaria,2023/3/1,20.067
Bulgaria,2023/4/1,28.864
Bulgaria,2023/5/1,39.762
Bulgaria,2023/6/1,37.095
Bulgaria,2023/7/1,31.568
Bulgaria,2023/8/1,30.151
Bulgaria,2023/9/1,26.859
Bulgaria,2023/10/1,27.935
Bulgaria,2023/11/1,24.694
Bulgaria,2023/12/1,18.955
Bulgaria,2024/1/1,21.631
Bulgaria,2024/2/1,24.986
Bulgaria,2024/3/1,26.232
Bulgaria,2024/4/1,35.681
Bulgaria,2024/5/1,48.835
Bulgaria,2024/6/1,50.082
Bulgaria,2024/7/1,35.774
Bulgaria,2024/8/1,33.348
Bulgaria,2024/9/1,28.734
Bulgaria,2024/10/1,30.551
Bulgaria,2024/11/1,24.633
Bulgaria,2024/12/1,17.142
Bulgaria,2025/1/1,19.633
Bulgaria,2025/2/1,22.572
Bulgaria,2025/3/1,29.019
Bulgaria,2025/4/1,32.428
Bulgaria,2025/5/1,46.776
Bulgaria,2025/6/1,44.207
Bulgaria,2025/7/1,44.425
Bulgaria,2025/8/1,37.602
Bulgaria,2025/9/1,32.464
Bulgaria,2025/10/1,28.508
Bulgaria,2025/11/1,33.63
Czechia,2017/1/1,7.709
Czechia,2017/2/1,9.022
Czechia,2017/3/1,12.1
Czechia,2017/4/1,11.956
Czechia,2017/5/1,15.708
Czechia,2017/6/1,15.645
Czechia,2017/7/1,15.444
Czechia,2017/8/1,13.213
Czechia,2017/9/1,10.144
Czechia,2017/10/1,9.491
Czechia,2017/11/1,8.983
Czechia,2017/12/1,10.084
Czechia,2018/1/1,10.937
Czechia,2018/2/1,10.696
Czechia,2018/3/1,9.865
Czechia,2018/4/1,14.559
Czechia,2018/5/1,13.091
Czechia,2018/6/1,12.822
Czechia,2018/7/1,12.844
Czechia,2018/8/1,12.058
Czechia,2018/9/1,10.987
Czechia,2018/10/1,9.551
Czechia,2018/11/1,7.948
Czechia,2018/12/1,8.218
Czechia,2019/1/1,9.311
Czechia,2019/2/1,10.583
Czechia,2019/3/1,14.717
Czechia,2019/4/1,14.819
Czechia,2019/5/1,12.656
Czechia,2019/6/1,14.637
Czechia,2019/7/1,14.772
Czechia,2019/8/1,12.889
Czechia,2019/9/1,11.545
Czechia,2019/10/1,10.353
Czechia,2019/11/1,8.687
Czechia,2019/12/1,9.379
Czechia,2020/1/1,8.883
Czechia,2020/2/1,11.404
Czechia,2020/3/1,14.112
Czechia,2020/4/1,17.161
Czechia,2020/5/1,14.766
Czechia,2020/6/1,15.404
Czechia,2020/7/1,16.877
Czechia,2020/8/1,14.311
Czechia,2020/9/1,13.208
Czechia,2020/10/1,12.108
Czechia,2020/11/1,10.68
Czechia,2020/12/1,9.843
Czechia,2021/1/1,9.182
Czechia,2021/2/1,11.721
Czechia,2021/3/1,12.839
Czechia,2021/4/1,14.772
Czechia,2021/5/1,18.661
Czechia,2021/6/1,16.693
Czechia,2021/7/1,16.847
Czechia,2021/8/1,15.118
Czechia,2021/9/1,12.882
Czechia,2021/10/1,11.055
Czechia,2021/11/1,9.076
Czechia,2021/12/1,8.773
Czechia,2022/1/1,10.355
Czechia,2022/2/1,12.578
Czechia,2022/3/1,12.799
Czechia,2022/4/1,14.849
Czechia,2022/5/1,16.846
Czechia,2022/6/1,14.728
Czechia,2022/7/1,15.059
Czechia,2022/8/1,14.338
Czechia,2022/9/1,12.675
Czechia,2022/10/1,12.147
Czechia,2022/11/1,9.4
Czechia,2022/12/1,8.927
Czechia,2023/1/1,10.559
Czechia,2023/2/1,11.458
Czechia,2023/3/1,15.243
Czechia,2023/4/1,16.786
Czechia,2023/5/1,20.592
Czechia,2023/6/1,17.11
Czechia,2023/7/1,15.195
Czechia,2023/8/1,14.033
Czechia,2023/9/1,14.369
Czechia,2023/10/1,12.447
Czechia,2023/11/1,11.545
Czechia,2023/12/1,12.516
Czechia,2024/1/1,15.388
Czechia,2024/2/1,15.392
Czechia,2024/3/1,17.139
Czechia,2024/4/1,20.696
Czechia,2024/5/1,21.891
Czechia,2024/6/1,22.088
Czechia,2024/7/1,19.902
Czechia,2024/8/1,19.704
Czechia,2024/9/1,19.077
Czechia,2024/10/1,16.529
Czechia,2024/11/1,12.694
Czechia,2024/12/1,12.966
Czechia,2025/1/1,12.019
Czechia,2025/2/1,12.766
Czechia,2025/3/1,16.228
Czechia,2025/4/1,19.941
Czechia,2025/5/1,21.394
Czechia,2025/6/1,27.376
Czechia,2025/7/1,20.904
Czechia,2025/8/1,20.273
Czechia,2025/9/1,18.999
Czechia,2025/10/1,15.368
Czechia,2025/11/1,12.544
Estonia,2017/1/1,6.316
Estonia,2017/2/1,5.954
Estonia,2017/3/1,7.267
Estonia,2017/4/1,8.029
Estonia,2017/5/1,4.931
Estonia,2017/6/1,6.922
Estonia,2017/7/1,4.538
Estonia,2017/8/1,6.433
Estonia,2017/9/1,6.291
Estonia,2017/10/1,7.405
Estonia,2017/11/1,7.592
Estonia,2017/12/1,9.75
Estonia,2018/1/1,6.709
Estonia,2018/2/1,4.532
Estonia,2018/3/1,4.64
Estonia,2018/4/1,5.641
Estonia,2018/5/1,4.954
Estonia,2018/6/1,6.28
Estonia,2018/7/1,4.59
Estonia,2018/8/1,4.105
Estonia,2018/9/1,8.664
Estonia,2018/10/1,9.521
Estonia,2018/11/1,6.425
Estonia,2018/12/1,8.815
Estonia,2019/1/1,5.751
Estonia,2019/2/1,13.502
Estonia,2019/3/1,12.422
Estonia,2019/4/1,7.114
Estonia,2019/5/1,9.534
Estonia,2019/6/1,13.126
Estonia,2019/7/1,11.162
Estonia,2019/8/1,8.831
Estonia,2019/9/1,12.086
Estonia,2019/10/1,13.019
Estonia,2019/11/1,11.253
Estonia,2019/12/1,20.485
Estonia,2020/1/1,51.145
Estonia,2020/2/1,53.916
Estonia,2020/3/1,51.536
Estonia,2020/4/1,64.51
Estonia,2020/5/1,58.084
Estonia,2020/6/1,41.419
Estonia,2020/7/1,44.422
Estonia,2020/8/1,30.302
Estonia,2020/9/1,32.417
Estonia,2020/10/1,34.55
Estonia,2020/11/1,36.46
Estonia,2020/12/1,36.003
Estonia,2021/1/1,27.105
Estonia,2021/2/1,25.119
Estonia,2021/3/1,56.596
Estonia,2021/4/1,46.438
Estonia,2021/5/1,43.926
Estonia,2021/6/1,33.167
Estonia,2021/7/1,32.819
Estonia,2021/8/1,37.04
Estonia,2021/9/1,29.235
Estonia,2021/10/1,43.106
Estonia,2021/11/1,33.871
Estonia,2021/12/1,9.119
Estonia,2022/1/1,29.942
Estonia,2022/2/1,42.463
Estonia,2022/3/1,30.97
Estonia,2022/4/1,45.64
Estonia,2022/5/1,39.374
Estonia,2022/6/1,36.317
Estonia,2022/7/1,36.865
Estonia,2022/8/1,32.997
Estonia,2022/9/1,30.628
Estonia,2022/10/1,36.591
Estonia,2022/11/1,26.967
Estonia,2022/12/1,25.287
Estonia,2023/1/1,42.225
Estonia,2023/2/1,44.031
Estonia,2023/3/1,50.102
Estonia,2023/4/1,63.814
Estonia,2023/5/1,62.881
Estonia,2023/6/1,51.97
Estonia,2023/7/1,67.753
Estonia,2023/8/1,55.288
Estonia,2023/9/1,61.077
Estonia,2023/10/1,63.102
Estonia,2023/11/1,41.796
Estonia,2023/12/1,40.295
Estonia,2024/1/1,46.566
Estonia,2024/2/1,58.998
Estonia,2024/3/1,60.738
Estonia,2024/4/1,67.943
Estonia,2024/5/1,69.743
Estonia,2024/6/1,68.6
Estonia,2024/7/1,64.726
Estonia,2024/8/1,69.493
Estonia,2024/9/1,61.555
Estonia,2024/10/1,63.732
Estonia,2024/11/1,62.62
Estonia,2024/12/1,63.156
Estonia,2025/1/1,61.666
Estonia,2025/2/1,46.096
Estonia,2025/3/1,65.921
Estonia,2025/4/1,65.894
Estonia,2025/5/1,74.544
Estonia,2025/6/1,75.229
Estonia,2025/7/1,88.867
Estonia,2025/8/1,92.147
Estonia,2025/9/1,77.172
Estonia,2025/10/1,56.659
Estonia,2025/11/1,59.898
Finland,2017/1/1,41.998
Finland,2017/2/1,39.533
Finland,2017/3/1,41.859
Finland,2017/4/1,42.467
Finland,2017/5/1,49.563
Finland,2017/6/1,55.229
Finland,2017/7/1,51.189
Finland,2017/8/1,50.449
Finland,2017/9/1,50.923
Finland,2017/10/1,48.712
Finland,2017/11/1,48.458
Finland,2017/12/1,46.227
Finland,2018/1/1,45.819
Finland,2018/2/1,45.116
Finland,2018/3/1,42.62
Finland,2018/4/1,46.832
Finland,2018/5/1,57.632
Finland,2018/6/1,52.744
Finland,2018/7/1,42.262
Finland,2018/8/1,46.162
Finland,2018/9/1,48.448
Finland,2018/10/1,48.262
Finland,2018/11/1,45.992
Finland,2018/12/1,42.469
Finland,2019/1/1,40.106
Finland,2019/2/1,42.792
Finland,2019/3/1,44.84
Finland,2019/4/1,47.357
Finland,2019/5/1,57.179
Finland,2019/6/1,53.209
Finland,2019/7/1,46.015
Finland,2019/8/1,45.961
Finland,2019/9/1,46.297
Finland,2019/10/1,41.725
Finland,2019/11/1,43.194
Finland,2019/12/1,47.382
Finland,2020/1/1,49.601
Finland,2020/2/1,48.958
Finland,2020/3/1,52.346
Finland,2020/4/1,50.806
Finland,2020/5/1,54.767
Finland,2020/6/1,48.721
Finland,2020/7/1,47.704
Finland,2020/8/1,50.548
Finland,2020/9/1,50.2
Finland,2020/10/1,48.945
Finland,2020/11/1,53.67
Finland,2020/12/1,51.228
Finland,2021/1/1,45.753
Finland,2021/2/1,47.215
Finland,2021/3/1,50.189
Finland,2021/4/1,52.447
Finland,2021/5/1,60.048
Finland,2021/6/1,56.256
Finland,2021/7/1,48.369
Finland,2021/8/1,50.086
Finland,2021/9/1,52.792
Finland,2021/10/1,54.647
Finland,2021/11/1,54.592
Finland,2021/12/1,52.277
Finland,2022/1/1,54.243
Finland,2022/2/1,54.501
Finland,2022/3/1,54.038
Finland,2022/4/1,50.619
Finland,2022/5/1,62.896
Finland,2022/6/1,57.433
Finland,2022/7/1,53.739
Finland,2022/8/1,58.512
Finland,2022/9/1,47.999
Finland,2022/10/1,53.521
Finland,2022/11/1,49.505
Finland,2022/12/1,52.239
Finland,2023/1/1,58.513
Finland,2023/2/1,58.341
Finland,2023/3/1,52.794
Finland,2023/4/1,48.77
Finland,2023/5/1,55.007
Finland,2023/6/1,43.988
Finland,2023/7/1,38.811
Finland,2023/8/1,50.354
Finland,2023/9/1,57.346
Finland,2023/10/1,52.864
Finland,2023/11/1,52.251
Finland,2023/12/1,49.824
Finland,2024/1/1,54.062
Finland,2024/2/1,54.287
Finland,2024/3/1,57.546
Finland,2024/4/1,60.981
Finland,2024/5/1,61.933
Finland,2024/6/1,53.072
Finland,2024/7/1,47.583
Finland,2024/8/1,50.889
Finland,2024/9/1,57.865
Finland,2024/10/1,57.631
Finland,2024/11/1,57.105
Finland,2024/12/1,58.684
Finland,2025/1/1,57.251
Finland,2025/2/1,56.977
Finland,2025/3/1,65.756
Finland,2025/4/1,67.203
Finland,2025/5/1,58.733
Finland,2025/6/1,55.127
Finland,2025/7/1,44.566
Finland,2025/8/1,47.131
Finland,2025/9/1,54.749
Finland,2025/10/1,55.271
Finland,2025/11/1,55.278
France,2017/1/1,12.579
France,2017/2/1,14.877
France,2017/3/1,18.27
France,2017/4/1,14.898
France,2017/5/1,18.943
France,2017/6/1,19.78
France,2017/7/1,16.716
France,2017/8/1,15.14
France,2017/9/1,13.941
France,2017/10/1,13.32
France,2017/11/1,14.234
France,2017/12/1,15.886
France,2018/1/1,19.807
France,2018/2/1,18.799
France,2018/3/1,20.261
France,2018/4/1,23.202
France,2018/5/1,23.751
France,2018/6/1,23.976
France,2018/7/1,18.165
France,2018/8/1,17.146
France,2018/9/1,14.483
France,2018/10/1,14.056
France,2018/11/1,14.901
France,2018/12/1,16.634
France,2019/1/1,15.17
France,2019/2/1,16.952
France,2019/3/1,21.584
France,2019/4/1,18.641
France,2019/5/1,20.89
France,2019/6/1,22.41
France,2019/7/1,18.707
France,2019/8/1,18.498
France,2019/9/1,17.427
France,2019/10/1,19.573
France,2019/11/1,22.284
France,2019/12/1,25.248
France,2020/1/1,20.133
France,2020/2/1,25.53
France,2020/3/1,26.918
France,2020/4/1,24.192
France,2020/5/1,29.047
France,2020/6/1,28.693
France,2020/7/1,24.595
France,2020/8/1,21.882
France,2020/9/1,21.232
France,2020/10/1,24.588
France,2020/11/1,18.583
France,2020/12/1,20.695
France,2021/1/1,21.127
France,2021/2/1,25.092
France,2021/3/1,23.101
France,2021/4/1,21.774
France,2021/5/1,28.7
France,2021/6/1,23.573
France,2021/7/1,24.109
France,2021/8/1,21.923
France,2021/9/1,17.353
France,2021/10/1,18.914
France,2021/11/1,16.951
France,2021/12/1,21.269
France,2022/1/1,18.925
France,2022/2/1,23.662
France,2022/3/1,22.362
France,2022/4/1,28.722
France,2022/5/1,28.078
France,2022/6/1,25.971
France,2022/7/1,26.172
France,2022/8/1,24.778
France,2022/9/1,23.439
France,2022/10/1,24.06
France,2022/11/1,25.725
France,2022/12/1,22.793
France,2023/1/1,26.645
France,2023/2/1,19.444
France,2023/3/1,29.009
France,2023/4/1,27.858
France,2023/5/1,30.177
France,2023/6/1,29.628
France,2023/7/1,27.442
France,2023/8/1,25.619
France,2023/9/1,21.669
France,2023/10/1,24.542
France,2023/11/1,30.92
France,2023/12/1,29.453
France,2024/1/1,25.693
France,2024/2/1,27.978
France,2024/3/1,29.683
France,2024/4/1,32.033
France,2024/5/1,31.16
France,2024/6/1,30.38
France,2024/7/1,27.5
France,2024/8/1,24.459
France,2024/9/1,26.621
France,2024/10/1,26.86
France,2024/11/1,22.36
France,2024/12/1,24.569
France,2025/1/1,24.824
France,2025/2/1,24.915
France,2025/3/1,26.335
France,2025/4/1,29.931
France,2025/5/1,32.929
France,2025/6/1,29.91
France,2025/7/1,26.267
France,2025/8/1,25.024
France,2025/9/1,26.39
France,2025/10/1,27.473
France,2025/11/1,27.33
Germany,2017/1/1,20.43
Germany,2017/2/1,29.017
Germany,2017/3/1,31.588
Germany,2017/4/1,33.015
Germany,2017/5/1,30.108
Germany,2017/6/1,35.098
Germany,2017/7/1,31.639
Germany,2017/8/1,30.135
Germany,2017/9/1,27.784
Germany,2017/10/1,35.773
Germany,2017/11/1,28.102
Germany,2017/12/1,35.667
Germany,2018/1/1,36.149
Germany,2018/2/1,26.435
Germany,2018/3/1,31.865
Germany,2018/4/1,38.755
Germany,2018/5/1,39.38
Germany,2018/6/1,33.758
Germany,2018/7/1,30.313
Germany,2018/8/1,30.826
Germany,2018/9/1,33.643
Germany,2018/10/1,33.604
Germany,2018/11/1,27.798
Germany,2018/12/1,35.936
Germany,2019/1/1,33.064
Germany,2019/2/1,33.092
Germany,2019/3/1,45.93
Germany,2019/4/1,39.698
Germany,2019/5/1,39.964
Germany,2019/6/1,43.106
Germany,2019/7/1,37.794
Germany,2019/8/1,36.309
Germany,2019/9/1,38.901
Germany,2019/10/1,36.814
Germany,2019/11/1,29.474
Germany,2019/12/1,41.02
Germany,2020/1/1,40.643
Germany,2020/2/1,53.45
Germany,2020/3/1,47.95
Germany,2020/4/1,50.861
Germany,2020/5/1,49.484
Germany,2020/6/1,42.673
Germany,2020/7/1,43.652
Germany,2020/8/1,38.727
Germany,2020/9/1,35.508
Germany,2020/10/1,41.784
Germany,2020/11/1,34.26
Germany,2020/12/1,33.297
Germany,2021/1/1,31.288
Germany,2021/2/1,37.648
Germany,2021/3/1,41.104
Germany,2021/4/1,41.853
Germany,2021/5/1,49.534
Germany,2021/6/1,39.71
Germany,2021/7/1,41.102
Germany,2021/8/1,43.547
Germany,2021/9/1,33.701
Germany,2021/10/1,42.26
Germany,2021/11/1,30.375
Germany,2021/12/1,33.519
Germany,2022/1/1,41.228
Germany,2022/2/1,53.84
Germany,2022/3/1,36.307
Germany,2022/4/1,46.919
Germany,2022/5/1,47.049
Germany,2022/6/1,43.707
Germany,2022/7/1,44.978
Germany,2022/8/1,38.269
Germany,2022/9/1,40.427
Germany,2022/10/1,44.48
Germany,2022/11/1,40.907
Germany,2022/12/1,35.969
Germany,2023/1/1,46.331
Germany,2023/2/1,41.328
Germany,2023/3/1,49.42
Germany,2023/4/1,51.013
Germany,2023/5/1,60.061
Germany,2023/6/1,57.74
Germany,2023/7/1,63.428
Germany,2023/8/1,55.299
Germany,2023/9/1,52.816
Germany,2023/10/1,54.813
Germany,2023/11/1,52.657
Germany,2023/12/1,55.678
Germany,2024/1/1,53.903
Germany,2024/2/1,58.044
Germany,2024/3/1,54.521
Germany,2024/4/1,62.149
Germany,2024/5/1,62.887
Germany,2024/6/1,61.963
Germany,2024/7/1,62.969
Germany,2024/8/1,59.927
Germany,2024/9/1,61.727
Germany,2024/10/1,51.832
Germany,2024/11/1,45.259
Germany,2024/12/1,52.02
Germany,2025/1/1,49.046
Germany,2025/2/1,41.709
Germany,2025/3/1,49.421
Germany,2025/4/1,57.431
Germany,2025/5/1,68.627
Germany,2025/6/1,71.252
Germany,2025/7/1,61.166
Germany,2025/8/1,65.523
Germany,2025/9/1,64.589
Germany,2025/10/1,60.471
Germany,2025/11/1,48.25
Greece,2017/1/1,26.594
Greece,2017/2/1,25.594
Greece,2017/3/1,34.012
Greece,2017/4/1,31.071
Greece,2017/5/1,33.431
Greece,2017/6/1,25.41
Greece,2017/7/1,29.961
Greece,2017/8/1,32.033
Greece,2017/9/1,26.783
Greece,2017/10/1,27.647
Greece,2017/11/1,23.061
Greece,2017/12/1,31.564
Greece,2018/1/1,27.07
Greece,2018/2/1,31.226
Greece,2018/3/1,54.123
Greece,2018/4/1,48.151
Greece,2018/5/1,35.505
Greece,2018/6/1,31.105
Greece,2018/7/1,28.121
Greece,2018/8/1,35.084
Greece,2018/9/1,32.798
Greece,2018/10/1,30.832
Greece,2018/11/1,31.421
Greece,2018/12/1,24.68
Greece,2019/1/1,27.547
Greece,2019/2/1,34.902
Greece,2019/3/1,39.078
Greece,2019/4/1,35.216
Greece,2019/5/1,37.333
Greece,2019/6/1,34.687
Greece,2019/7/1,32.298
Greece,2019/8/1,37.924
Greece,2019/9/1,34.704
Greece,2019/10/1,31.394
Greece,2019/11/1,34.991
Greece,2019/12/1,37.974
Greece,2020/1/1,32.079
Greece,2020/2/1,37.59
Greece,2020/3/1,44.482
Greece,2020/4/1,48.398
Greece,2020/5/1,45.12
Greece,2020/6/1,43.911
Greece,2020/7/1,40.577
Greece,2020/8/1,37.637
Greece,2020/9/1,44.083
Greece,2020/10/1,38.397
Greece,2020/11/1,39.297
Greece,2020/12/1,33.028
Greece,2021/1/1,47.07
Greece,2021/2/1,55.701
Greece,2021/3/1,41.188
Greece,2021/4/1,39.475
Greece,2021/5/1,46.181
Greece,2021/6/1,33.855
Greece,2021/7/1,37.08
Greece,2021/8/1,34.799
Greece,2021/9/1,37.493
Greece,2021/10/1,40.909
Greece,2021/11/1,39.865
Greece,2021/12/1,48.528
Greece,2022/1/1,47.93
Greece,2022/2/1,42.378
Greece,2022/3/1,39.498
Greece,2022/4/1,60.389
Greece,2022/5/1,51.585
Greece,2022/6/1,45.887
Greece,2022/7/1,42.626
Greece,2022/8/1,38.151
Greece,2022/9/1,48.172
Greece,2022/10/1,61.372
Greece,2022/11/1,51.189
Greece,2022/12/1,39.733
Greece,2023/1/1,55.105
Greece,2023/2/1,52.579
Greece,2023/3/1,55.85
Greece,2023/4/1,52.72
Greece,2023/5/1,59.417
Greece,2023/6/1,49.949
Greece,2023/7/1,44.049
Greece,2023/8/1,52.433
Greece,2023/9/1,53.439
Greece,2023/10/1,51.435
Greece,2023/11/1,57.881
Greece,2023/12/1,53.415
Greece,2024/1/1,55.854
Greece,2024/2/1,54.469
Greece,2024/3/1,52.087
Greece,2024/4/1,60.313
Greece,2024/5/1,52.615
Greece,2024/6/1,50.383
Greece,2024/7/1,48.286
Greece,2024/8/1,46.686
Greece,2024/9/1,46.762
Greece,2024/10/1,57.146
Greece,2024/11/1,42.01
Greece,2024/12/1,41.853
Greece,2025/1/1,36.924
Greece,2025/2/1,35.267
Greece,2025/3/1,54.02
Greece,2025/4/1,55.837
Greece,2025/5/1,53.885
Greece,2025/6/1,50.14
Greece,2025/7/1,45.042
Greece,2025/8/1,49.976
Greece,2025/9/1,49.371
Greece,2025/10/1,41.956
Greece,2025/11/1,48.212
Hungary,2017/1/1,6.918
Hungary,2017/2/1,8.428
Hungary,2017/3/1,10.179
Hungary,2017/4/1,12.468
Hungary,2017/5/1,11.692
Hungary,2017/6/1,10.155
Hungary,2017/7/1,10.008
Hungary,2017/8/1,10.407
Hungary,2017/9/1,9.423
Hungary,2017/10/1,9.772
Hungary,2017/11/1,8.653
Hungary,2017/12/1,12.534
Hungary,2018/1/1,8.947
Hungary,2018/2/1,8.185
Hungary,2018/3/1,10.245
Hungary,2018/4/1,12.569
Hungary,2018/5/1,13.379
Hungary,2018/6/1,14.838
Hungary,2018/7/1,12.169
Hungary,2018/8/1,12.55
Hungary,2018/9/1,11.869
Hungary,2018/10/1,12.549
Hungary,2018/11/1,11.267
Hungary,2018/12/1,8.992
Hungary,2019/1/1,8.865
Hungary,2019/2/1,14.077
Hungary,2019/3/1,16.179
Hungary,2019/4/1,15.162
Hungary,2019/5/1,15.234
Hungary,2019/6/1,15.667
Hungary,2019/7/1,14.046
Hungary,2019/8/1,13.825
Hungary,2019/9/1,13.659
Hungary,2019/10/1,11.029
Hungary,2019/11/1,10.363
Hungary,2019/12/1,10.718
Hungary,2020/1/1,7.695
Hungary,2020/2/1,13.71
Hungary,2020/3/1,14.402
Hungary,2020/4/1,18.628
Hungary,2020/5/1,20.303
Hungary,2020/6/1,19.841
Hungary,2020/7/1,18.315
Hungary,2020/8/1,20.626
Hungary,2020/9/1,16.919
Hungary,2020/10/1,14.688
Hungary,2020/11/1,11.551
Hungary,2020/12/1,11.119
Hungary,2021/1/1,10.68
Hungary,2021/2/1,14.198
Hungary,2021/3/1,19.433
Hungary,2021/4/1,20.57
Hungary,2021/5/1,24.821
Hungary,2021/6/1,25.266
Hungary,2021/7/1,24.054
Hungary,2021/8/1,22.593
Hungary,2021/9/1,21.939
Hungary,2021/10/1,19.547
Hungary,2021/11/1,14.732
Hungary,2021/12/1,12.345
Hungary,2022/1/1,14.21
Hungary,2022/2/1,19.424
Hungary,2022/3/1,21.109
Hungary,2022/4/1,23.225
Hungary,2022/5/1,25.984
Hungary,2022/6/1,28.558
Hungary,2022/7/1,25.984
Hungary,2022/8/1,28.92
Hungary,2022/9/1,22.772
Hungary,2022/10/1,19.469
Hungary,2022/11/1,14.217
Hungary,2022/12/1,10.846
Hungary,2023/1/1,12.948
Hungary,2023/2/1,19.53
Hungary,2023/3/1,25.178
Hungary,2023/4/1,27.276
Hungary,2023/5/1,36.198
Hungary,2023/6/1,36.472
Hungary,2023/7/1,32.659
Hungary,2023/8/1,30.901
Hungary,2023/9/1,29.218
Hungary,2023/10/1,23.716
Hungary,2023/11/1,19.015
Hungary,2023/12/1,15.768
Hungary,2024/1/1,18.718
Hungary,2024/2/1,25.583
Hungary,2024/3/1,33.024
Hungary,2024/4/1,37.841
Hungary,2024/5/1,41.236
Hungary,2024/6/1,39.096
Hungary,2024/7/1,39.324
Hungary,2024/8/1,39.784
Hungary,2024/9/1,36.204
Hungary,2024/10/1,30.561
Hungary,2024/11/1,19.369
Hungary,2024/12/1,15.457
Hungary,2025/1/1,17.085
Hungary,2025/2/1,26.024
Hungary,2025/3/1,35.687
Hungary,2025/4/1,42.598
Hungary,2025/5/1,43.297
Hungary,2025/6/1,52.965
Hungary,2025/7/1,46.579
Hungary,2025/8/1,49.498
Hungary,2025/9/1,38.623
Hungary,2025/10/1,30.299
Hungary,2025/11/1,22.018
Ireland,2017/1/1,28.051
Ireland,2017/2/1,36.925
Ireland,2017/3/1,34.919
Ireland,2017/4/1,21.857
Ireland,2017/5/1,21.79
Ireland,2017/6/1,27.391
Ireland,2017/7/1,20.06
Ireland,2017/8/1,22.069
Ireland,2017/9/1,28.082
Ireland,2017/10/1,34.608
Ireland,2017/11/1,28.713
Ireland,2017/12/1,34.993
Ireland,2018/1/1,46.755
Ireland,2018/2/1,38.174
Ireland,2018/3/1,32.468
Ireland,2018/4/1,33.029
Ireland,2018/5/1,23.725
Ireland,2018/6/1,15.498
Ireland,2018/7/1,15.876
Ireland,2018/8/1,25.126
Ireland,2018/9/1,31.121
Ireland,2018/10/1,33
Ireland,2018/11/1,43.069
Ireland,2018/12/1,45.521
Ireland,2019/1/1,36.953
Ireland,2019/2/1,51.278
Ireland,2019/3/1,43.16
Ireland,2019/4/1,34.612
Ireland,2019/5/1,24.333
Ireland,2019/6/1,28.691
Ireland,2019/7/1,22.86
Ireland,2019/8/1,37.598
Ireland,2019/9/1,36.179
Ireland,2019/10/1,39.192
Ireland,2019/11/1,38.175
Ireland,2019/12/1,47.239
Ireland,2020/1/1,47.888
Ireland,2020/2/1,56.936
Ireland,2020/3/1,44.242
Ireland,2020/4/1,28.784
Ireland,2020/5/1,32.561
Ireland,2020/6/1,30.777
Ireland,2020/7/1,32.064
Ireland,2020/8/1,29.139
Ireland,2020/9/1,34.776
Ireland,2020/10/1,48.085
Ireland,2020/11/1,45.765
Ireland,2020/12/1,48.559
Ireland,2021/1/1,39.075
Ireland,2021/2/1,57.635
Ireland,2021/3/1,42.196
Ireland,2021/4/1,31.209
Ireland,2021/5/1,36.412
Ireland,2021/6/1,28.537
Ireland,2021/7/1,16.924
Ireland,2021/8/1,26.738
Ireland,2021/9/1,24.502
Ireland,2021/10/1,40.358
Ireland,2021/11/1,37.535
Ireland,2021/12/1,44.273
Ireland,2022/1/1,36.972
Ireland,2022/2/1,58.989
Ireland,2022/3/1,38.258
Ireland,2022/4/1,36.156
Ireland,2022/5/1,36.94
Ireland,2022/6/1,32.329
Ireland,2022/7/1,23.597
Ireland,2022/8/1,22.122
Ireland,2022/9/1,28.776
Ireland,2022/10/1,51.158
Ireland,2022/11/1,51.991
Ireland,2022/12/1,39.029
Ireland,2023/1/1,48.084
Ireland,2023/2/1,46.712
Ireland,2023/3/1,44.931
Ireland,2023/4/1,44.009
Ireland,2023/5/1,30.823
Ireland,2023/6/1,29.237
Ireland,2023/7/1,44.361
Ireland,2023/8/1,45.912
Ireland,2023/9/1,43.229
Ireland,2023/10/1,43.041
Ireland,2023/11/1,49.414
Ireland,2023/12/1,60.787
Ireland,2024/1/1,48.078
Ireland,2024/2/1,56.034
Ireland,2024/3/1,57.986
Ireland,2024/4/1,49.736
Ireland,2024/5/1,35.562
Ireland,2024/6/1,42.369
Ireland,2024/7/1,36.975
Ireland,2024/8/1,51.174
Ireland,2024/9/1,41.194
Ireland,2024/10/1,47.406
Ireland,2024/11/1,38.652
Ireland,2024/12/1,54.062
Ireland,2025/1/1,44.78
Ireland,2025/2/1,63.331
Ireland,2025/3/1,49.284
Ireland,2025/4/1,43.613
Ireland,2025/5/1,42.278
Ireland,2025/6/1,50.877
Ireland,2025/7/1,39.381
Ireland,2025/8/1,44.877
Ireland,2025/9/1,54.083
Ireland,2025/10/1,53.34
Ireland,2025/11/1,49.785
Italy,2017/1/1,22.06
Italy,2017/2/1,23.84
Italy,2017/3/1,33.091
Italy,2017/4/1,33.236
Italy,2017/5/1,36.825
Italy,2017/6/1,35.05
Italy,2017/7/1,34.469
Italy,2017/8/1,33.777
Italy,2017/9/1,32.575
Italy,2017/10/1,25.189
Italy,2017/11/1,20.718
Italy,2017/12/1,24.354
Italy,2018/1/1,26.75
Italy,2018/2/1,25.965
Italy,2018/3/1,32.393
Italy,2018/4/1,41.528
Italy,2018/5/1,44.758
Italy,2018/6/1,44.552
Italy,2018/7/1,36.41
Italy,2018/8/1,33.864
Italy,2018/9/1,29.473
Italy,2018/10/1,27.219
Italy,2018/11/1,30.054
Italy,2018/12/1,29.109
Italy,2019/1/1,25.118
Italy,2019/2/1,31.601
Italy,2019/3/1,31.947
Italy,2019/4/1,33.485
Italy,2019/5/1,40.263
Italy,2019/6/1,41.826
Italy,2019/7/1,36.093
Italy,2019/8/1,35.039
Italy,2019/9/1,31.227
Italy,2019/10/1,26.633
Italy,2019/11/1,35.177
Italy,2019/12/1,36.206
Italy,2020/1/1,27.896
Italy,2020/2/1,32.597
Italy,2020/3/1,34.452
Italy,2020/4/1,40.558
Italy,2020/5/1,46.561
Italy,2020/6/1,43.114
Italy,2020/7/1,36.144
Italy,2020/8/1,35.529
Italy,2020/9/1,32.829
Italy,2020/10/1,36.863
Italy,2020/11/1,28.107
Italy,2020/12/1,29.199
Italy,2021/1/1,31.869
Italy,2021/2/1,33.779
Italy,2021/3/1,34.727
Italy,2021/4/1,35.102
Italy,2021/5/1,46.886
Italy,2021/6/1,41.986
Italy,2021/7/1,38.255
Italy,2021/8/1,41.216
Italy,2021/9/1,29.397
Italy,2021/10/1,30.764
Italy,2021/11/1,23.882
Italy,2021/12/1,27.826
Italy,2022/1/1,33.035
Italy,2022/2/1,33.951
Italy,2022/3/1,33.976
Italy,2022/4/1,42.535
Italy,2022/5/1,44.428
Italy,2022/6/1,41.197
Italy,2022/7/1,36.41
Italy,2022/8/1,38.462
Italy,2022/9/1,35.528
Italy,2022/10/1,32.66
Italy,2022/11/1,34.473
Italy,2022/12/1,30.985
Italy,2023/1/1,33.734
Italy,2023/2/1,34.191
Italy,2023/3/1,40.223
Italy,2023/4/1,45.965
Italy,2023/5/1,52.107
Italy,2023/6/1,50.185
Italy,2023/7/1,44.529
Italy,2023/8/1,49.541
Italy,2023/9/1,44.163
Italy,2023/10/1,44.179
Italy,2023/11/1,49.485
Italy,2023/12/1,42.298
Italy,2024/1/1,43.116
Italy,2024/2/1,43.073
Italy,2024/3/1,52.417
Italy,2024/4/1,58.635
Italy,2024/5/1,61.537
Italy,2024/6/1,59.138
Italy,2024/7/1,51.298
Italy,2024/8/1,48.382
Italy,2024/9/1,47.045
Italy,2024/10/1,48.432
Italy,2024/11/1,40.308
Italy,2024/12/1,37.963
Italy,2025/1/1,38.665
Italy,2025/2/1,34.695
Italy,2025/3/1,45.961
Italy,2025/4/1,55.952
Italy,2025/5/1,64.008
Italy,2025/6/1,57.009
Italy,2025/7/1,51.434
Italy,2025/8/1,54.319
Italy,2025/9/1,47.459
Italy,2025/10/1,47.173
Italy,2025/11/1,38.976
Latvia,2017/1/1,45.541
Latvia,2017/2/1,40.765
Latvia,2017/3/1,84.405
Latvia,2017/4/1,81.402
Latvia,2017/5/1,84.31
Latvia,2017/6/1,62.534
Latvia,2017/7/1,64.917
Latvia,2017/8/1,80.556
Latvia,2017/9/1,81.801
Latvia,2017/10/1,73.515
Latvia,2017/11/1,75.824
Latvia,2017/12/1,78.116
Latvia,2018/1/1,69.012
Latvia,2018/2/1,43.933
Latvia,2018/3/1,44.429
Latvia,2018/4/1,84.39
Latvia,2018/5/1,81.481
Latvia,2018/6/1,52.145
Latvia,2018/7/1,37.666
Latvia,2018/8/1,28.889
Latvia,2018/9/1,34.646
Latvia,2018/10/1,38.462
Latvia,2018/11/1,32.794
Latvia,2018/12/1,31.818
Latvia,2019/1/1,30.384
Latvia,2019/2/1,50.743
Latvia,2019/3/1,70.7
Latvia,2019/4/1,75.752
Latvia,2019/5/1,58.195
Latvia,2019/6/1,35.627
Latvia,2019/7/1,35.854
Latvia,2019/8/1,28.952
Latvia,2019/9/1,27.486
Latvia,2019/10/1,47.276
Latvia,2019/11/1,60.068
Latvia,2019/12/1,65.893
Latvia,2020/1/1,77.742
Latvia,2020/2/1,75.993
Latvia,2020/3/1,85.905
Latvia,2020/4/1,78.684
Latvia,2020/5/1,66.742
Latvia,2020/6/1,48.852
Latvia,2020/7/1,70.229
Latvia,2020/8/1,35.19
Latvia,2020/9/1,53.235
Latvia,2020/10/1,56.886
Latvia,2020/11/1,50.976
Latvia,2020/12/1,52.055
Latvia,2021/1/1,46.04
Latvia,2021/2/1,46.441
Latvia,2021/3/1,69.034
Latvia,2021/4/1,89.924
Latvia,2021/5/1,95.292
Latvia,2021/6/1,68.927
Latvia,2021/7/1,43.974
Latvia,2021/8/1,82.099
Latvia,2021/9/1,44.099
Latvia,2021/10/1,62.366
Latvia,2021/11/1,59.485
Latvia,2021/12/1,53.8
Latvia,2022/1/1,61.923
Latvia,2022/2/1,86.842
Latvia,2022/3/1,95
Latvia,2022/4/1,97.112
Latvia,2022/5/1,95.522
Latvia,2022/6/1,98.566
Latvia,2022/7/1,95.673
Latvia,2022/8/1,54.826
Latvia,2022/9/1,59.701
Latvia,2022/10/1,95.909
Latvia,2022/11/1,48.479
Latvia,2022/12/1,40.054
Latvia,2023/1/1,81.393
Latvia,2023/2/1,65.507
Latvia,2023/3/1,78.706
Latvia,2023/4/1,98.68
Latvia,2023/5/1,100
Latvia,2023/6/1,66.837
Latvia,2023/7/1,91.045
Latvia,2023/8/1,60.793
Latvia,2023/9/1,48.162
Latvia,2023/10/1,64.336
Latvia,2023/11/1,65.4
Latvia,2023/12/1,69.463
Latvia,2024/1/1,50.841
Latvia,2024/2/1,59.014
Latvia,2024/3/1,82.911
Latvia,2024/4/1,95.165
Latvia,2024/5/1,99.394
Latvia,2024/6/1,98.745
Latvia,2024/7/1,72.509
Latvia,2024/8/1,67.089
Latvia,2024/9/1,52.74
Latvia,2024/10/1,70.776
Latvia,2024/11/1,55.62
Latvia,2024/12/1,65.135
Latvia,2025/1/1,67.363
Latvia,2025/2/1,41.389
Latvia,2025/3/1,68.75
Latvia,2025/4/1,85
Latvia,2025/5/1,95.75
Latvia,2025/6/1,98.768
Latvia,2025/7/1,86.667
Latvia,2025/8/1,85.912
Latvia,2025/9/1,74.242
Latvia,2025/10/1,59.347
Latvia,2025/11/1,59.063
Lithuania,2017/1/1,60.499
Lithuania,2017/2/1,66.102
Lithuania,2017/3/1,67.756
Lithuania,2017/4/1,64.854
Lithuania,2017/5/1,55.406
Lithuania,2017/6/1,60.482
Lithuania,2017/7/1,59.924
Lithuania,2017/8/1,55.106
Lithuania,2017/9/1,59.059
Lithuania,2017/10/1,66.06
Lithuania,2017/11/1,65.494
Lithuania,2017/12/1,67.97
Lithuania,2018/1/1,66.967
Lithuania,2018/2/1,59.643
Lithuania,2018/3/1,65.939
Lithuania,2018/4/1,75.014
Lithuania,2018/5/1,52.681
Lithuania,2018/6/1,65.98
Lithuania,2018/7/1,62.85
Lithuania,2018/8/1,53.962
Lithuania,2018/9/1,58.135
Lithuania,2018/10/1,59.463
Lithuania,2018/11/1,69.074
Lithuania,2018/12/1,72.856
Lithuania,2019/1/1,68.493
Lithuania,2019/2/1,71.481
Lithuania,2019/3/1,77.327
Lithuania,2019/4/1,68.853
Lithuania,2019/5/1,59.171
Lithuania,2019/6/1,57.837
Lithuania,2019/7/1,50.388
Lithuania,2019/8/1,41.522
Lithuania,2019/9/1,52.807
Lithuania,2019/10/1,58.067
Lithuania,2019/11/1,72.527
Lithuania,2019/12/1,71.278
Lithuania,2020/1/1,71.752
Lithuania,2020/2/1,64.508
Lithuania,2020/3/1,60.59
Lithuania,2020/4/1,65.593
Lithuania,2020/5/1,51.894
Lithuania,2020/6/1,30.31
Lithuania,2020/7/1,36.488
Lithuania,2020/8/1,22.496
Lithuania,2020/9/1,36.888
Lithuania,2020/10/1,46.238
Lithuania,2020/11/1,48.797
Lithuania,2020/12/1,49.465
Lithuania,2021/1/1,46.969
Lithuania,2021/2/1,47.858
Lithuania,2021/3/1,57.191
Lithuania,2021/4/1,55.451
Lithuania,2021/5/1,57.472
Lithuania,2021/6/1,33.25
Lithuania,2021/7/1,42.015
Lithuania,2021/8/1,53.935
Lithuania,2021/9/1,43.247
Lithuania,2021/10/1,63.094
Lithuania,2021/11/1,66.701
Lithuania,2021/12/1,53.367
Lithuania,2022/1/1,68.807
Lithuania,2022/2/1,77.004
Lithuania,2022/3/1,50.911
Lithuania,2022/4/1,75.856
Lithuania,2022/5/1,76.52
Lithuania,2022/6/1,57.924
Lithuania,2022/7/1,57.837
Lithuania,2022/8/1,42.954
Lithuania,2022/9/1,50.695
Lithuania,2022/10/1,59.806
Lithuania,2022/11/1,43.981
Lithuania,2022/12/1,37.662
Lithuania,2023/1/1,68.981
Lithuania,2023/2/1,71.501
Lithuania,2023/3/1,75.63
Lithuania,2023/4/1,73.21
Lithuania,2023/5/1,65.267
Lithuania,2023/6/1,53.731
Lithuania,2023/7/1,70.124
Lithuania,2023/8/1,59.201
Lithuania,2023/9/1,62.212
Lithuania,2023/10/1,73.832
Lithuania,2023/11/1,67.262
Lithuania,2023/12/1,68.763
Lithuania,2024/1/1,73.037
Lithuania,2024/2/1,79.361
Lithuania,2024/3/1,89.222
Lithuania,2024/4/1,86.597
Lithuania,2024/5/1,89.254
Lithuania,2024/6/1,75.87
Lithuania,2024/7/1,72.081
Lithuania,2024/8/1,75.483
Lithuania,2024/9/1,80.267
Lithuania,2024/10/1,81.266
Lithuania,2024/11/1,79.942
Lithuania,2024/12/1,75.786
Lithuania,2025/1/1,67.843
Lithuania,2025/2/1,55.798
Lithuania,2025/3/1,73.842
Lithuania,2025/4/1,70.099
Lithuania,2025/5/1,64.487
Lithuania,2025/6/1,92.16
Lithuania,2025/7/1,71.264
Lithuania,2025/8/1,79.236
Lithuania,2025/9/1,76.286
Lithuania,2025/10/1,74.682
Lithuania,2025/11/1,86.096
Poland,2017/1/1,12.43
Poland,2017/2/1,14.544
Poland,2017/3/1,15.447
Poland,2017/4/1,17.157
Poland,2017/5/1,13.644
Poland,2017/6/1,14.611
Poland,2017/7/1,10.546
Poland,2017/8/1,11.708
Poland,2017/9/1,14.182
Poland,2017/10/1,18.315
Poland,2017/11/1,15.823
Poland,2017/12/1,18.386
Poland,2018/1/1,17.583
Poland,2018/2/1,10.001
Poland,2018/3/1,12.431
Poland,2018/4/1,16.965
Poland,2018/5/1,12.509
Poland,2018/6/1,11.509
Poland,2018/7/1,10.59
Poland,2018/8/1,10.166
Poland,2018/9/1,12.417
Poland,2018/10/1,15.885
Poland,2018/11/1,12.605
Poland,2018/12/1,15.317
Poland,2019/1/1,15.804
Poland,2019/2/1,18.055
Poland,2019/3/1,20.39
Poland,2019/4/1,16.911
Poland,2019/5/1,14.985
Poland,2019/6/1,13.352
Poland,2019/7/1,13.785
Poland,2019/8/1,11.158
Poland,2019/9/1,16.034
Poland,2019/10/1,15.163
Poland,2019/11/1,16.618
Poland,2019/12/1,19.52
Poland,2020/1/1,19.983
Poland,2020/2/1,23.865
Poland,2020/3/1,20.535
Poland,2020/4/1,20.382
Poland,2020/5/1,19.377
Poland,2020/6/1,16.56
Poland,2020/7/1,16.251
Poland,2020/8/1,14.573
Poland,2020/9/1,15.799
Poland,2020/10/1,17.93
Poland,2020/11/1,16.875
Poland,2020/12/1,18.662
Poland,2021/1/1,14.402
Poland,2021/2/1,16.417
Poland,2021/3/1,18.701
Poland,2021/4/1,20.519
Poland,2021/5/1,21.773
Poland,2021/6/1,15.742
Poland,2021/7/1,14.372
Poland,2021/8/1,17.062
Poland,2021/9/1,16.37
Poland,2021/10/1,22.76
Poland,2021/11/1,17.572
Poland,2021/12/1,16.937
Poland,2022/1/1,23.31
Poland,2022/2/1,27.482
Poland,2022/3/1,18.411
Poland,2022/4/1,23.545
Poland,2022/5/1,24.295
Poland,2022/6/1,22.219
Poland,2022/7/1,23.82
Poland,2022/8/1,18.418
Poland,2022/9/1,19.226
Poland,2022/10/1,22.479
Poland,2022/11/1,15.9
Poland,2022/12/1,19.683
Poland,2023/1/1,24.267
Poland,2023/2/1,26.266
Poland,2023/3/1,28.846
Poland,2023/4/1,28.442
Poland,2023/5/1,32.12
Poland,2023/6/1,30.123
Poland,2023/7/1,31.843
Poland,2023/8/1,29.298
Poland,2023/9/1,28.673
Poland,2023/10/1,29.746
Poland,2023/11/1,24.692
Poland,2023/12/1,28.401
Poland,2024/1/1,28.897
Poland,2024/2/1,30.981
Poland,2024/3/1,31.823
Poland,2024/4/1,34.586
Poland,2024/5/1,37.995
Poland,2024/6/1,33.21
Poland,2024/7/1,33.467
Poland,2024/8/1,32.366
Poland,2024/9/1,35.83
Poland,2024/10/1,29.791
Poland,2024/11/1,24.869
Poland,2024/12/1,25.389
Poland,2025/1/1,27.872
Poland,2025/2/1,21.896
Poland,2025/3/1,32.336
Poland,2025/4/1,38.945
Poland,2025/5/1,40.877
Poland,2025/6/1,47.621
Poland,2025/7/1,36.959
Poland,2025/8/1,39.85
Poland,2025/9/1,36.029
Poland,2025/10/1,32.38
Poland,2025/11/1,22.994
Portugal,2017/1/1,47.653
Portugal,2017/2/1,56.846
Portugal,2017/3/1,55.006
Portugal,2017/4/1,47.845
Portugal,2017/5/1,39.505
Portugal,2017/6/1,36.098
Portugal,2017/7/1,34.339
Portugal,2017/8/1,33.13
Portugal,2017/9/1,35.147
Portugal,2017/10/1,36.008
Portugal,2017/11/1,39.431
Portugal,2017/12/1,50.175
Portugal,2018/1/1,48.253
Portugal,2018/2/1,51.121
Portugal,2018/3/1,82.488
Portugal,2018/4/1,80.828
Portugal,2018/5/1,53.184
Portugal,2018/6/1,45.331
Portugal,2018/7/1,38.988
Portugal,2018/8/1,39.266
Portugal,2018/9/1,35.167
Portugal,2018/10/1,48.632
Portugal,2018/11/1,53.344
Portugal,2018/12/1,57.551
Portugal,2019/1/1,54.736
Portugal,2019/2/1,59.217
Portugal,2019/3/1,64.346
Portugal,2019/4/1,61.486
Portugal,2019/5/1,55.268
Portugal,2019/6/1,40.799
Portugal,2019/7/1,37.384
Portugal,2019/8/1,49.219
Portugal,2019/9/1,53.038
Portugal,2019/10/1,49.454
Portugal,2019/11/1,64.696
Portugal,2019/12/1,76.08
Portugal,2020/1/1,67.531
Portugal,2020/2/1,68.385
Portugal,2020/3/1,72.705
Portugal,2020/4/1,80.397
Portugal,2020/5/1,69.035
Portugal,2020/6/1,58.867
Portugal,2020/7/1,45.036
Portugal,2020/8/1,45.918
Portugal,2020/9/1,43.058
Portugal,2020/10/1,58.109
Portugal,2020/11/1,57.101
Portugal,2020/12/1,74.157
Portugal,2021/1/1,71.092
Portugal,2021/2/1,87.589
Portugal,2021/3/1,78.134
Portugal,2021/4/1,59.726
Portugal,2021/5/1,69.792
Portugal,2021/6/1,63.43
Portugal,2021/7/1,61.559
Portugal,2021/8/1,59.21
Portugal,2021/9/1,52.686
Portugal,2021/10/1,58.328
Portugal,2021/11/1,61.265
Portugal,2021/12/1,71.709
Portugal,2022/1/1,64.514
Portugal,2022/2/1,59.452
Portugal,2022/3/1,67.564
Portugal,2022/4/1,69.331
Portugal,2022/5/1,60.43
Portugal,2022/6/1,53.919
Portugal,2022/7/1,51.43
Portugal,2022/8/1,51.479
Portugal,2022/9/1,57.356
Portugal,2022/10/1,59.082
Portugal,2022/11/1,65.052
Portugal,2022/12/1,80.588
Portugal,2023/1/1,86.498
Portugal,2023/2/1,69.137
Portugal,2023/3/1,78.5
Portugal,2023/4/1,78.143
Portugal,2023/5/1,75.949
Portugal,2023/6/1,65.99
Portugal,2023/7/1,67.121
Portugal,2023/8/1,69.307
Portugal,2023/9/1,64.658
Portugal,2023/10/1,79.431
Portugal,2023/11/1,85.727
Portugal,2023/12/1,85.697
Portugal,2024/1/1,83.848
Portugal,2024/2/1,88.833
Portugal,2024/3/1,90.092
Portugal,2024/4/1,94.238
Portugal,2024/5/1,92.776
Portugal,2024/6/1,92.154
Portugal,2024/7/1,85.871
Portugal,2024/8/1,84.907
Portugal,2024/9/1,85.925
Portugal,2024/10/1,87.432
Portugal,2024/11/1,84.065
Portugal,2024/12/1,78.638
Portugal,2025/1/1,84.412
Portugal,2025/2/1,84.662
Portugal,2025/3/1,90.342
Portugal,2025/4/1,91.715
Portugal,2025/5/1,83.783
Portugal,2025/6/1,80.718
Portugal,2025/7/1,79.74
Portugal,2025/8/1,76.912
Portugal,2025/9/1,77.856
Portugal,2025/10/1,75.114
Portugal,2025/11/1,79.995
Spain,2017/1/1,30.887
Spain,2017/2/1,36.134
Spain,2017/3/1,41.331
Spain,2017/4/1,38.934
Spain,2017/5/1,35.076
Spain,2017/6/1,30.41
Spain,2017/7/1,29.175
Spain,2017/8/1,28.861
Spain,2017/9/1,28.319
Spain,2017/10/1,25.121
Spain,2017/11/1,26.015
Spain,2017/12/1,32.175
Spain,2018/1/1,36.941
Spain,2018/2/1,37.356
Spain,2018/3/1,54.527
Spain,2018/4/1,50.438
Spain,2018/5/1,41.791
Spain,2018/6/1,40.727
Spain,2018/7/1,35.735
Spain,2018/8/1,32.096
Spain,2018/9/1,28.331
Spain,2018/10/1,31.753
Spain,2018/11/1,33.899
Spain,2018/12/1,35.868
Spain,2019/1/1,37.445
Spain,2019/2/1,36.088
Spain,2019/3/1,41.811
Spain,2019/4/1,40.535
Spain,2019/5/1,41.851
Spain,2019/6/1,34.861
Spain,2019/7/1,30.254
Spain,2019/8/1,28.044
Spain,2019/9/1,31.84
Spain,2019/10/1,30.473
Spain,2019/11/1,48.984
Spain,2019/12/1,49.488
Spain,2020/1/1,41.596
Spain,2020/2/1,42.845
Spain,2020/3/1,49.525
Spain,2020/4/1,47.325
Spain,2020/5/1,52.429
Spain,2020/6/1,44.235
Spain,2020/7/1,38.319
Spain,2020/8/1,37.96
Spain,2020/9/1,37.527
Spain,2020/10/1,46.807
Spain,2020/11/1,40.368
Spain,2020/12/1,50.354
Spain,2021/1/1,51.674
Spain,2021/2/1,58.471
Spain,2021/3/1,53.395
Spain,2021/4/1,46.425
Spain,2021/5/1,50.953
Spain,2021/6/1,46.74
Spain,2021/7/1,46.227
Spain,2021/8/1,42.485
Spain,2021/9/1,36.035
Spain,2021/10/1,38.672
Spain,2021/11/1,41.857
Spain,2021/12/1,47.016
Spain,2022/1/1,40.099
Spain,2022/2/1,39.354
Spain,2022/3/1,45.764
Spain,2022/4/1,50.624
Spain,2022/5/1,50.366
Spain,2022/6/1,39.889
Spain,2022/7/1,38.473
Spain,2022/8/1,37.805
Spain,2022/9/1,37.614
Spain,2022/10/1,38.599
Spain,2022/11/1,46.973
Spain,2022/12/1,45.074
Spain,2023/1/1,57.186
Spain,2023/2/1,45.41
Spain,2023/3/1,53.413
Spain,2023/4/1,52.849
Spain,2023/5/1,54.51
Spain,2023/6/1,46.227
Spain,2023/7/1,46.123
Spain,2023/8/1,46.358
Spain,2023/9/1,42.197
Spain,2023/10/1,50.518
Spain,2023/11/1,60.061
Spain,2023/12/1,54.003
Spain,2024/1/1,52.379
Spain,2024/2/1,60.634
Spain,2024/3/1,66.138
Spain,2024/4/1,65.936
Spain,2024/5/1,64.369
Spain,2024/6/1,59.703
Spain,2024/7/1,56.046
Spain,2024/8/1,53.297
Spain,2024/9/1,53.524
Spain,2024/10/1,55.72
Spain,2024/11/1,50.886
Spain,2024/12/1,48.243
Spain,2025/1/1,55.72
Spain,2025/2/1,54.162
Spain,2025/3/1,61.425
Spain,2025/4/1,64.819
Spain,2025/5/1,61.909
Spain,2025/6/1,54.369
Spain,2025/7/1,55.238
Spain,2025/8/1,52.453
Spain,2025/9/1,53.584
Spain,2025/10/1,50.214
Spain,2025/11/1,56.905
Denmark,2017/1/1,55.504
Denmark,2017/2/1,61.188
Denmark,2017/3/1,59.654
Denmark,2017/4/1,70.907
Denmark,2017/5/1,70.426
Denmark,2017/6/1,85.71
Denmark,2017/7/1,77.739
Denmark,2017/8/1,75.27
Denmark,2017/9/1,66.972
Denmark,2017/10/1,75.851
Denmark,2017/11/1,68.202
Denmark,2017/12/1,71.8
Denmark,2018/1/1,64.363
Denmark,2018/2/1,56.98
Denmark,2018/3/1,55.702
Denmark,2018/4/1,66.249
Denmark,2018/5/1,70.734
Denmark,2018/6/1,83.837
Denmark,2018/7/1,68.796
Denmark,2018/8/1,71.727
Denmark,2018/9/1,78.747
Denmark,2018/10/1,74.49
Denmark,2018/11/1,65.275
Denmark,2018/12/1,64.303
Denmark,2019/1/1,63.49
Denmark,2019/2/1,67.537
Denmark,2019/3/1,75.549
Denmark,2019/4/1,72.065
Denmark,2019/5/1,82.993
Denmark,2019/6/1,89.096
Denmark,2019/7/1,91.912
Denmark,2019/8/1,89.216
Denmark,2019/9/1,89.29
Denmark,2019/10/1,77.994
Denmark,2019/11/1,72.367
Denmark,2019/12/1,75.464
Denmark,2020/1/1,78.765
Denmark,2020/2/1,79.559
Denmark,2020/3/1,76.368
Denmark,2020/4/1,81.141
Denmark,2020/5/1,79.669
Denmark,2020/6/1,80.269
Denmark,2020/7/1,84.746
Denmark,2020/8/1,78.604
Denmark,2020/9/1,82.886
Denmark,2020/10/1,80.672
Denmark,2020/11/1,78.268
Denmark,2020/12/1,71.426
Denmark,2021/1/1,61.176
Denmark,2021/2/1,68.214
Denmark,2021/3/1,74.677
Denmark,2021/4/1,78.542
Denmark,2021/5/1,79.926
Denmark,2021/6/1,78.863
Denmark,2021/7/1,75.413
Denmark,2021/8/1,84.455
Denmark,2021/9/1,72.012
Denmark,2021/10/1,82.181
Denmark,2021/11/1,75.294
Denmark,2021/12/1,70.057
Denmark,2022/1/1,82.191
Denmark,2022/2/1,87.033
Denmark,2022/3/1,71.428
Denmark,2022/4/1,84.051
Denmark,2022/5/1,83.255
Denmark,2022/6/1,82.759
Denmark,2022/7/1,87.692
Denmark,2022/8/1,81.332
Denmark,2022/9/1,85.24
Denmark,2022/10/1,89.18
Denmark,2022/11/1,87.155
Denmark,2022/12/1,78.556
Denmark,2023/1/1,85.993
Denmark,2023/2/1,85.716
Denmark,2023/3/1,86.647
Denmark,2023/4/1,91.25
Denmark,2023/5/1,95.518
Denmark,2023/6/1,91.577
Denmark,2023/7/1,92.559
Denmark,2023/8/1,87.372
Denmark,2023/9/1,92.605
Denmark,2023/10/1,94.364
Denmark,2023/11/1,85.125
Denmark,2023/12/1,87.16
Denmark,2024/1/1,83.418
Denmark,2024/2/1,88.013
Denmark,2024/3/1,86.807
Denmark,2024/4/1,90.868
Denmark,2024/5/1,92.789
Denmark,2024/6/1,92.875
Denmark,2024/7/1,89.532
Denmark,2024/8/1,89.154
Denmark,2024/9/1,89.969
Denmark,2024/10/1,88.333
Denmark,2024/11/1,84.695
Denmark,2024/12/1,88.577
Denmark,2025/1/1,89.534
Denmark,2025/2/1,84.076
Denmark,2025/3/1,89.796
Denmark,2025/4/1,89.867
Denmark,2025/5/1,96.829
Denmark,2025/6/1,96.802
Denmark,2025/7/1,95.244
Denmark,2025/8/1,96.14
Denmark,2025/9/1,96.192
Denmark,2025/10/1,95.618
Denmark,2025/11/1,90.506
Romania,2017/1/1,35.88
Romania,2017/2/1,37.659
Romania,2017/3/1,45.549
Romania,2017/4/1,47.973
Romania,2017/5/1,51.6
Romania,2017/6/1,45.822
Romania,2017/7/1,38.433
Romania,2017/8/1,37.243
Romania,2017/9/1,40.899
Romania,2017/10/1,39.711
Romania,2017/11/1,35.205
Romania,2017/12/1,41.694
Romania,2018/1/1,36.677
Romania,2018/2/1,39.586
Romania,2018/3/1,46.699
Romania,2018/4/1,59.006
Romania,2018/5/1,57.258
Romania,2018/6/1,46.364
Romania,2018/7/1,50.915
Romania,2018/8/1,45.349
Romania,2018/9/1,43.272
Romania,2018/10/1,38.601
Romania,2018/11/1,35.778
Romania,2018/12/1,32.91
Romania,2019/1/1,36.777
Romania,2019/2/1,40.413
Romania,2019/3/1,45.237
Romania,2019/4/1,49.641
Romania,2019/5/1,65.016
Romania,2019/6/1,61.474
Romania,2019/7/1,43.889
Romania,2019/8/1,40.769
Romania,2019/9/1,39.087
Romania,2019/10/1,33.538
Romania,2019/11/1,40.174
Romania,2019/12/1,40.038
Romania,2020/1/1,37.308
Romania,2020/2/1,44.429
Romania,2020/3/1,50.612
Romania,2020/4/1,54.24
Romania,2020/5/1,55.082
Romania,2020/6/1,57.45
Romania,2020/7/1,54.46
Romania,2020/8/1,46.551
Romania,2020/9/1,42.934
Romania,2020/10/1,48.366
Romania,2020/11/1,40.708
Romania,2020/12/1,43.192
Romania,2021/1/1,45.771
Romania,2021/2/1,48.158
Romania,2021/3/1,48.375
Romania,2021/4/1,50.213
Romania,2021/5/1,63.4
Romania,2021/6/1,58.342
Romania,2021/7/1,46.523
Romania,2021/8/1,41.53
Romania,2021/9/1,41.381
Romania,2021/10/1,40.43
Romania,2021/11/1,37.071
Romania,2021/12/1,43.447
Romania,2022/1/1,47.134
Romania,2022/2/1,41.813
Romania,2022/3/1,48.535
Romania,2022/4/1,53.34
Romania,2022/5/1,51.595
Romania,2022/6/1,50.051
Romania,2022/7/1,41.465
Romania,2022/8/1,41.266
Romania,2022/9/1,43.348
Romania,2022/10/1,42.828
Romania,2022/11/1,38.865
Romania,2022/12/1,43.644
Romania,2023/1/1,49.541
Romania,2023/2/1,49.429
Romania,2023/3/1,54.97
Romania,2023/4/1,61.417
Romania,2023/5/1,67.054
Romania,2023/6/1,68.318
Romania,2023/7/1,51.915
Romania,2023/8/1,46.351
Romania,2023/9/1,45.382
Romania,2023/10/1,43.275
Romania,2023/11/1,47.289
Romania,2023/12/1,45.731
Romania,2024/1/1,48.301
Romania,2024/2/1,50.654
Romania,2024/3/1,50.455
Romania,2024/4/1,60.893
Romania,2024/5/1,63.36
Romania,2024/6/1,58.49
Romania,2024/7/1,47.683
Romania,2024/8/1,44.304
Romania,2024/9/1,47.162
Romania,2024/10/1,47.521
Romania,2024/11/1,40.978
Romania,2024/12/1,42.384
Romania,2025/1/1,38.027
Romania,2025/2/1,40.171
Romania,2025/3/1,48.405
Romania,2025/4/1,59.03
Romania,2025/5/1,62.045
Romania,2025/6/1,61.754
Romania,2025/7/1,47.728
Romania,2025/8/1,48.501
Romania,2025/9/1,47.046
Romania,2025/10/1,45.22
Romania,2025/11/1,45.09
